{
  "project_info": {
    "project_number": "898329040301",
    "project_id": "labregahapp",
    "storage_bucket": "labregahapp.appspot.com"
  },
  "client": [
    {
      "client_info": {
        "mobilesdk_app_id": "1:898329040301:android:6596531389db075df33d24",
        "android_client_info": {
          "package_name": "com.labregah.mobile"
        }
      },
      "oauth_client": [
        {
          "client_id": "898329040301-575dk3ccghck0kor6kdcsleph3uka7v9.apps.googleusercontent.com",
          "client_type": 3
        }
      ],
      "api_key": [
        {
          "current_key": "AIzaSyB2Pvh4ndVclyIBbZzWf6_F2Eckc0cPW_E"
        }
      ],
      "services": {
        "appinvite_service": {
          "other_platform_oauth_client": [
            {
              "client_id": "898329040301-575dk3ccghck0kor6kdcsleph3uka7v9.apps.googleusercontent.com",
              "client_type": 3
            }
          ]
        }
      }
    }
  ],
  "configuration_version": "1"
}